{
  "image": {
    "mu_null": 0.17760547995567322,
    "sigma_null": 0.028052866458892822,
    "abs_threshold": 0.2012153680063218,
    "far": 0.2,
    "N": 2390,
    "method": "random_query_null_v2"
  },
  "doc_page": {
    "mu_null": 0.16928373277187347,
    "sigma_null": 0.021778326481580734,
    "abs_threshold": 0.2051058920344468,
    "far": 0.05,
    "N": 34661,
    "method": "random_query_null_v2"
  },
  "movie": {
    "mu_null": 0.157612606883049,
    "sigma_null": 0.04241589829325676,
    "abs_threshold": 0.22738055095401466,
    "far": 0.05,
    "N": 45647,
    "method": "random_query_null_v2"
  },
  "music": {
    "mu_null": 0.6808651685714722,
    "sigma_null": 0.06834075599908829,
    "abs_threshold": 0.7932757088209501,
    "far": 0.05,
    "N": 11039,
    "method": "random_query_null_v2"
  }
}