{
  "movie": {
    "status": "ok",
    "method": "crossmodal_v1",
    "n": 200,
    "mu_null": 0.15919363498687744,
    "sigma_null": 0.03673146827316284,
    "p95": 0.23005592823028564,
    "p99": 0.2441151738166809,
    "abs_threshold": 0.21961690029623032,
    "max": 0.2685626447200775
  },
  "music": {
    "status": "ok",
    "n": 280,
    "mu_null": 0.7884941697120667,
    "sigma_null": 0.039009857922792435,
    "p95": 0.8427863717079163,
    "p99": 0.860278844833374,
    "max": 0.8674822449684143
  }
}